"filename", "language", "XML", "CMake", "Markdown", "YAML", "C++", "Python", "Properties", "Lua", "comment", "blank", "total"
"d:\codes\RAM\ISSPA\src\car_code\car_astra\launch\colorTracker_X3.launch.py", "Python", 0, 0, 0, 0, 0, 29, 0, 0, 1, 2, 32
"d:\codes\RAM\ISSPA\src\car_code\car_astra\package.xml", "XML", 16, 0, 0, 0, 0, 0, 0, 0, 0, 3, 19
"d:\codes\RAM\ISSPA\src\car_code\car_astra\scripts\opencv\1_1.py", "Python", 0, 0, 0, 0, 0, 10, 0, 0, 0, 2, 12
"d:\codes\RAM\ISSPA\src\car_code\car_astra\scripts\opencv\1_2.py", "Python", 0, 0, 0, 0, 0, 13, 0, 0, 0, 2, 15
"d:\codes\RAM\ISSPA\src\car_code\car_astra\scripts\opencv\1_3.py", "Python", 0, 0, 0, 0, 0, 11, 0, 0, 0, 1, 12
"d:\codes\RAM\ISSPA\src\car_code\car_astra\scripts\opencv\1_4.py", "Python", 0, 0, 0, 0, 0, 17, 0, 0, 0, 1, 18
"d:\codes\RAM\ISSPA\src\car_code\car_astra\scripts\opencv\2_1.py", "Python", 0, 0, 0, 0, 0, 14, 0, 0, 0, 1, 15
"d:\codes\RAM\ISSPA\src\car_code\car_astra\scripts\opencv\2_2.py", "Python", 0, 0, 0, 0, 0, 12, 0, 0, 0, 1, 13
"d:\codes\RAM\ISSPA\src\car_code\car_astra\scripts\opencv\2_3.py", "Python", 0, 0, 0, 0, 0, 17, 0, 0, 0, 1, 18
"d:\codes\RAM\ISSPA\src\car_code\car_astra\scripts\opencv\2_4.py", "Python", 0, 0, 0, 0, 0, 22, 0, 0, 0, 1, 23
"d:\codes\RAM\ISSPA\src\car_code\car_astra\scripts\opencv\3_1.py", "Python", 0, 0, 0, 0, 0, 13, 0, 0, 0, 1, 14
"d:\codes\RAM\ISSPA\src\car_code\car_astra\scripts\opencv\3_2.py", "Python", 0, 0, 0, 0, 0, 15, 0, 0, 0, 1, 16
"d:\codes\RAM\ISSPA\src\car_code\car_astra\scripts\opencv\3_3.py", "Python", 0, 0, 0, 0, 0, 16, 0, 0, 0, 1, 17
"d:\codes\RAM\ISSPA\src\car_code\car_astra\scripts\opencv\3_4.py", "Python", 0, 0, 0, 0, 0, 12, 0, 0, 0, 1, 13
"d:\codes\RAM\ISSPA\src\car_code\car_astra\scripts\opencv\3_5.py", "Python", 0, 0, 0, 0, 0, 12, 0, 0, 0, 1, 13
"d:\codes\RAM\ISSPA\src\car_code\car_astra\scripts\opencv\3_6.py", "Python", 0, 0, 0, 0, 0, 12, 0, 0, 0, 1, 13
"d:\codes\RAM\ISSPA\src\car_code\car_astra\scripts\opencv\3_7.py", "Python", 0, 0, 0, 0, 0, 12, 0, 0, 0, 1, 13
"d:\codes\RAM\ISSPA\src\car_code\car_astra\scripts\opencv\3_8.py", "Python", 0, 0, 0, 0, 0, 13, 0, 0, 0, 1, 14
"d:\codes\RAM\ISSPA\src\car_code\car_astra\scripts\opencv\3_9.py", "Python", 0, 0, 0, 0, 0, 12, 0, 0, 0, 1, 13
"d:\codes\RAM\ISSPA\src\car_code\car_astra\scripts\opencv\4_1_1.py", "Python", 0, 0, 0, 0, 0, 21, 0, 0, 0, 1, 22
"d:\codes\RAM\ISSPA\src\car_code\car_astra\scripts\opencv\4_1_2.py", "Python", 0, 0, 0, 0, 0, 26, 0, 0, 0, 1, 27
"d:\codes\RAM\ISSPA\src\car_code\car_astra\scripts\opencv\4_2.py", "Python", 0, 0, 0, 0, 0, 28, 0, 0, 0, 1, 29
"d:\codes\RAM\ISSPA\src\car_code\car_astra\scripts\opencv\4_3.py", "Python", 0, 0, 0, 0, 0, 26, 0, 0, 0, 1, 27
"d:\codes\RAM\ISSPA\src\car_code\car_astra\setup.cfg", "Properties", 0, 0, 0, 0, 0, 0, 4, 0, 0, 1, 5
"d:\codes\RAM\ISSPA\src\car_code\car_astra\setup.py", "Python", 0, 0, 0, 0, 0, 28, 0, 0, 0, 2, 30
"d:\codes\RAM\ISSPA\src\car_code\car_astra\test\test_copyright.py", "Python", 0, 0, 0, 0, 0, 7, 0, 0, 13, 4, 24
"d:\codes\RAM\ISSPA\src\car_code\car_astra\test\test_flake8.py", "Python", 0, 0, 0, 0, 0, 9, 0, 0, 13, 4, 26
"d:\codes\RAM\ISSPA\src\car_code\car_astra\test\test_pep257.py", "Python", 0, 0, 0, 0, 0, 7, 0, 0, 13, 4, 24
"d:\codes\RAM\ISSPA\src\car_code\car_astra\yahboomcar_astra\__init__.py", "Python", 0, 0, 0, 0, 0, 0, 0, 0, 0, 1, 1
"d:\codes\RAM\ISSPA\src\car_code\car_astra\yahboomcar_astra\astra_common.py", "Python", 0, 0, 0, 0, 0, 157, 0, 0, 58, 16, 231
"d:\codes\RAM\ISSPA\src\car_code\car_astra\yahboomcar_astra\colorHSV.py", "Python", 0, 0, 0, 0, 0, 156, 0, 0, 5, 17, 178
"d:\codes\RAM\ISSPA\src\car_code\car_astra\yahboomcar_astra\colorTracker.py", "Python", 0, 0, 0, 0, 0, 150, 0, 0, 6, 16, 172
"d:\codes\RAM\ISSPA\src\car_code\car_bringup\launch\yahboomcar_bringup_R2_launch.py", "Python", 0, 0, 0, 0, 0, 90, 0, 0, 3, 19, 112
"d:\codes\RAM\ISSPA\src\car_code\car_bringup\launch\yahboomcar_bringup_X1_launch.py", "Python", 0, 0, 0, 0, 0, 90, 0, 0, 3, 19, 112
"d:\codes\RAM\ISSPA\src\car_code\car_bringup\launch\yahboomcar_bringup_X3_launch.py", "Python", 0, 0, 0, 0, 0, 90, 0, 0, 3, 19, 112
"d:\codes\RAM\ISSPA\src\car_code\car_bringup\package.xml", "XML", 18, 0, 0, 0, 0, 0, 0, 0, 0, 2, 20
"d:\codes\RAM\ISSPA\src\car_code\car_bringup\param\imu_filter_param.yaml", "YAML", 0, 0, 0, 7, 0, 0, 0, 0, 0, 1, 8
"d:\codes\RAM\ISSPA\src\car_code\car_bringup\setup.cfg", "Properties", 0, 0, 0, 0, 0, 0, 4, 0, 0, 1, 5
"d:\codes\RAM\ISSPA\src\car_code\car_bringup\setup.py", "Python", 0, 0, 0, 0, 0, 39, 0, 0, 2, 3, 44
"d:\codes\RAM\ISSPA\src\car_code\car_bringup\test\test_copyright.py", "Python", 0, 0, 0, 0, 0, 7, 0, 0, 13, 4, 24
"d:\codes\RAM\ISSPA\src\car_code\car_bringup\test\test_flake8.py", "Python", 0, 0, 0, 0, 0, 9, 0, 0, 13, 4, 26
"d:\codes\RAM\ISSPA\src\car_code\car_bringup\test\test_pep257.py", "Python", 0, 0, 0, 0, 0, 7, 0, 0, 13, 4, 24
"d:\codes\RAM\ISSPA\src\car_code\car_bringup\yahboomcar_bringup\.ipynb_checkpoints\Mcnamu_driver-checkpoint.py", "Python", 0, 0, 0, 0, 0, 133, 0, 0, 33, 19, 185
"d:\codes\RAM\ISSPA\src\car_code\car_bringup\yahboomcar_bringup\Ackman_driver_R2.py", "Python", 0, 0, 0, 0, 0, 132, 0, 0, 39, 19, 190
"d:\codes\RAM\ISSPA\src\car_code\car_bringup\yahboomcar_bringup\Mcnamu_driver_X3.py", "Python", 0, 0, 0, 0, 0, 129, 0, 0, 31, 19, 179
"d:\codes\RAM\ISSPA\src\car_code\car_bringup\yahboomcar_bringup\Mcnamu_driver_x1.py", "Python", 0, 0, 0, 0, 0, 134, 0, 0, 35, 19, 188
"d:\codes\RAM\ISSPA\src\car_code\car_bringup\yahboomcar_bringup\__init__.py", "Python", 0, 0, 0, 0, 0, 0, 0, 0, 0, 1, 1
"d:\codes\RAM\ISSPA\src\car_code\car_bringup\yahboomcar_bringup\calibrate_angular_R2.py", "Python", 0, 0, 0, 0, 0, 106, 0, 0, 16, 29, 151
"d:\codes\RAM\ISSPA\src\car_code\car_bringup\yahboomcar_bringup\calibrate_angular_X3.py", "Python", 0, 0, 0, 0, 0, 105, 0, 0, 17, 29, 151
"d:\codes\RAM\ISSPA\src\car_code\car_bringup\yahboomcar_bringup\calibrate_linear_R2.py", "Python", 0, 0, 0, 0, 0, 105, 0, 0, 17, 22, 144
"d:\codes\RAM\ISSPA\src\car_code\car_bringup\yahboomcar_bringup\calibrate_linear_X3.py", "Python", 0, 0, 0, 0, 0, 103, 0, 0, 17, 22, 142
"d:\codes\RAM\ISSPA\src\car_code\car_bringup\yahboomcar_bringup\patrol_4ROS.py", "Python", 0, 0, 0, 0, 0, 262, 0, 0, 31, 31, 324
"d:\codes\RAM\ISSPA\src\car_code\car_bringup\yahboomcar_bringup\patrol_4ROS_R2.py", "Python", 0, 0, 0, 0, 0, 283, 0, 0, 32, 35, 350
"d:\codes\RAM\ISSPA\src\car_code\car_bringup\yahboomcar_bringup\patrol_a1_R2.py", "Python", 0, 0, 0, 0, 0, 283, 0, 0, 32, 34, 349
"d:\codes\RAM\ISSPA\src\car_code\car_bringup\yahboomcar_bringup\patrol_a1_X3.py", "Python", 0, 0, 0, 0, 0, 386, 0, 0, 46, 40, 472
"d:\codes\RAM\ISSPA\src\car_code\car_bringup\yahboomcar_bringup\test.py", "Python", 0, 0, 0, 0, 0, 2, 0, 0, 0, 1, 3
"d:\codes\RAM\ISSPA\src\car_code\car_bringup\yahboomcar_bringup\transform_utils.py", "Python", 0, 0, 0, 0, 0, 12, 0, 0, 7, 5, 24
"d:\codes\RAM\ISSPA\src\car_code\car_bringup\yahboomcar_bringup\untitled.py", "Python", 0, 0, 0, 0, 0, 0, 0, 0, 0, 1, 1
"d:\codes\RAM\ISSPA\src\car_code\car_nav\launch\cartographer_launch.py", "Python", 0, 0, 0, 0, 0, 54, 0, 0, 0, 9, 63
"d:\codes\RAM\ISSPA\src\car_code\car_nav\launch\display_map_launch.py", "Python", 0, 0, 0, 0, 0, 23, 0, 0, 0, 6, 29
"d:\codes\RAM\ISSPA\src\car_code\car_nav\launch\display_nav_launch.py", "Python", 0, 0, 0, 0, 0, 23, 0, 0, 0, 6, 29
"d:\codes\RAM\ISSPA\src\car_code\car_nav\launch\display_rtabmap_map_launch.py", "Python", 0, 0, 0, 0, 0, 23, 0, 0, 0, 6, 29
"d:\codes\RAM\ISSPA\src\car_code\car_nav\launch\display_rtabmap_nav_launch.py", "Python", 0, 0, 0, 0, 0, 23, 0, 0, 0, 6, 29
"d:\codes\RAM\ISSPA\src\car_code\car_nav\launch\laser_bringup_launch.py", "Python", 0, 0, 0, 0, 0, 65, 0, 0, 1, 6, 72
"d:\codes\RAM\ISSPA\src\car_code\car_nav\launch\map_cartographer_launch.py", "Python", 0, 0, 0, 0, 0, 14, 0, 0, 0, 5, 19
"d:\codes\RAM\ISSPA\src\car_code\car_nav\launch\map_gmapping_4ros_s2_launch.py", "Python", 0, 0, 0, 0, 0, 27, 0, 0, 1, 5, 33
"d:\codes\RAM\ISSPA\src\car_code\car_nav\launch\map_gmapping_a1_launch.py", "Python", 0, 0, 0, 0, 0, 16, 0, 0, 0, 6, 22
"d:\codes\RAM\ISSPA\src\car_code\car_nav\launch\map_gmapping_launch.py", "Python", 0, 0, 0, 0, 0, 34, 0, 0, 0, 5, 39
"d:\codes\RAM\ISSPA\src\car_code\car_nav\launch\map_rtabmap_launch.py", "Python", 0, 0, 0, 0, 0, 14, 0, 0, 0, 5, 19
"d:\codes\RAM\ISSPA\src\car_code\car_nav\launch\navigation_dwa_launch.py", "Python", 0, 0, 0, 0, 0, 31, 0, 0, 0, 6, 37
"d:\codes\RAM\ISSPA\src\car_code\car_nav\launch\navigation_rtabmap_launch.py", "Python", 0, 0, 0, 0, 0, 21, 0, 0, 0, 6, 27
"d:\codes\RAM\ISSPA\src\car_code\car_nav\launch\navigation_teb_launch.py", "Python", 0, 0, 0, 0, 0, 31, 0, 0, 0, 6, 37
"d:\codes\RAM\ISSPA\src\car_code\car_nav\launch\occupancy_grid_launch.py", "Python", 0, 0, 0, 0, 0, 29, 0, 0, 0, 6, 35
"d:\codes\RAM\ISSPA\src\car_code\car_nav\launch\rtabmap_localization_launch.py", "Python", 0, 0, 0, 0, 0, 66, 0, 0, 5, 16, 87
"d:\codes\RAM\ISSPA\src\car_code\car_nav\launch\rtabmap_nav_launch.py", "Python", 0, 0, 0, 0, 0, 31, 0, 0, 0, 6, 37
"d:\codes\RAM\ISSPA\src\car_code\car_nav\launch\rtabmap_sync_launch.py", "Python", 0, 0, 0, 0, 0, 66, 0, 0, 13, 17, 96
"d:\codes\RAM\ISSPA\src\car_code\car_nav\launch\rtabmap_viz_launch.py", "Python", 0, 0, 0, 0, 0, 40, 0, 0, 2, 10, 52
"d:\codes\RAM\ISSPA\src\car_code\car_nav\launch\save_map_launch.py", "Python", 0, 0, 0, 0, 0, 26, 0, 0, 13, 8, 47
"d:\codes\RAM\ISSPA\src\car_code\car_nav\maps\yahboomcar.yaml", "YAML", 0, 0, 0, 7, 0, 0, 0, 0, 0, 0, 7
"d:\codes\RAM\ISSPA\src\car_code\car_nav\maps\yahboomcar2.yaml", "YAML", 0, 0, 0, 7, 0, 0, 0, 0, 0, 0, 7
"d:\codes\RAM\ISSPA\src\car_code\car_nav\package.xml", "XML", 19, 0, 0, 0, 0, 0, 0, 0, 0, 4, 23
"d:\codes\RAM\ISSPA\src\car_code\car_nav\params\dwa_nav_params.yaml", "YAML", 0, 0, 0, 246, 0, 0, 0, 0, 12, 16, 274
"d:\codes\RAM\ISSPA\src\car_code\car_nav\params\lds_2d.lua", "Lua", 0, 0, 0, 0, 0, 0, 0, 38, 1, 7, 46
"d:\codes\RAM\ISSPA\src\car_code\car_nav\params\rtabmap_nav_params.yaml", "YAML", 0, 0, 0, 191, 0, 0, 0, 0, 3, 11, 205
"d:\codes\RAM\ISSPA\src\car_code\car_nav\params\teb_nav_params.yaml", "YAML", 0, 0, 0, 305, 0, 0, 0, 0, 3, 21, 329
"d:\codes\RAM\ISSPA\src\car_code\car_nav\setup.cfg", "Properties", 0, 0, 0, 0, 0, 0, 4, 0, 0, 1, 5
"d:\codes\RAM\ISSPA\src\car_code\car_nav\setup.py", "Python", 0, 0, 0, 0, 0, 30, 0, 0, 0, 3, 33
"d:\codes\RAM\ISSPA\src\car_code\car_nav\test\test_copyright.py", "Python", 0, 0, 0, 0, 0, 7, 0, 0, 13, 4, 24
"d:\codes\RAM\ISSPA\src\car_code\car_nav\test\test_flake8.py", "Python", 0, 0, 0, 0, 0, 9, 0, 0, 13, 4, 26
"d:\codes\RAM\ISSPA\src\car_code\car_nav\test\test_pep257.py", "Python", 0, 0, 0, 0, 0, 7, 0, 0, 13, 4, 24
"d:\codes\RAM\ISSPA\src\car_code\car_nav\yahboomcar_nav\__init__.py", "Python", 0, 0, 0, 0, 0, 0, 0, 0, 0, 1, 1
"d:\codes\RAM\ISSPA\src\car_code\car_nav\yahboomcar_nav\scan_filter.py", "Python", 0, 0, 0, 0, 0, 35, 0, 0, 4, 7, 46
"d:\codes\RAM\ISSPA\src\car_code\car_slam\CMakeLists.txt", "CMake", 0, 62, 0, 0, 0, 0, 0, 0, 0, 14, 76
"d:\codes\RAM\ISSPA\src\car_code\car_slam\include\yahboomcar_slam\point_cloud.h", "C++", 0, 0, 0, 0, 101, 0, 0, 0, 2, 31, 134
"d:\codes\RAM\ISSPA\src\car_code\car_slam\launch\camera_octomap_launch.py", "Python", 0, 0, 0, 0, 0, 27, 0, 0, 0, 5, 32
"d:\codes\RAM\ISSPA\src\car_code\car_slam\launch\display_octomap_launch.py", "Python", 0, 0, 0, 0, 0, 23, 0, 0, 0, 6, 29
"d:\codes\RAM\ISSPA\src\car_code\car_slam\launch\display_pcl_launch.py", "Python", 0, 0, 0, 0, 0, 23, 0, 0, 0, 6, 29
"d:\codes\RAM\ISSPA\src\car_code\car_slam\launch\octomap_server_launch.py", "Python", 0, 0, 0, 0, 0, 20, 0, 0, 0, 3, 23
"d:\codes\RAM\ISSPA\src\car_code\car_slam\launch\orbslam_base_launch.py", "Python", 0, 0, 0, 0, 0, 26, 0, 0, 5, 5, 36
"d:\codes\RAM\ISSPA\src\car_code\car_slam\launch\orbslam_pcl_map_launch.py", "Python", 0, 0, 0, 0, 0, 29, 0, 0, 0, 5, 34
"d:\codes\RAM\ISSPA\src\car_code\car_slam\launch\orbslam_pcl_octomap_launch.py", "Python", 0, 0, 0, 0, 0, 34, 0, 0, 5, 6, 45
"d:\codes\RAM\ISSPA\src\car_code\car_slam\launch\orbslam_pose_launch.py", "Python", 0, 0, 0, 0, 0, 16, 0, 0, 0, 3, 19
"d:\codes\RAM\ISSPA\src\car_code\car_slam\launch\orbslam_ros_launch.py", "Python", 0, 0, 0, 0, 0, 38, 0, 0, 3, 6, 47
"d:\codes\RAM\ISSPA\src\car_code\car_slam\package.xml", "XML", 25, 0, 0, 0, 0, 0, 0, 0, 0, 6, 31
"d:\codes\RAM\ISSPA\src\car_code\car_slam\params\mono.yaml", "YAML", 0, 0, 0, 27, 0, 0, 0, 0, 19, 12, 58
"d:\codes\RAM\ISSPA\src\car_code\car_slam\params\pointcloud_map.yaml", "YAML", 0, 0, 0, 16, 0, 0, 0, 0, 0, 2, 18
"d:\codes\RAM\ISSPA\src\car_code\car_slam\params\pointcloud_octomap.yaml", "YAML", 0, 0, 0, 16, 0, 0, 0, 0, 0, 2, 18
"d:\codes\RAM\ISSPA\src\car_code\car_slam\params\rgbd.yaml", "YAML", 0, 0, 0, 32, 0, 0, 0, 0, 22, 17, 71
"d:\codes\RAM\ISSPA\src\car_code\car_slam\params\usb_cam_param.yaml", "YAML", 0, 0, 0, 0, 0, 0, 0, 0, 0, 1, 1
"d:\codes\RAM\ISSPA\src\car_code\car_slam\src\point_cloud.cpp", "C++", 0, 0, 0, 0, 307, 0, 0, 0, 33, 44, 384
"d:\codes\RAM\ISSPA\src\car_code\car_slam\src\point_cloud_main.cpp", "C++", 0, 0, 0, 0, 13, 0, 0, 0, 0, 3, 16
"d:\codes\RAM\ISSPA\src\car_code\laserscan_to_point_pulisher\README.md", "Markdown", 0, 0, 74, 0, 0, 0, 0, 0, 0, 17, 91
"d:\codes\RAM\ISSPA\src\car_code\laserscan_to_point_pulisher\laserscan_to_point_pulisher\__init__.py", "Python", 0, 0, 0, 0, 0, 0, 0, 0, 0, 1, 1
"d:\codes\RAM\ISSPA\src\car_code\laserscan_to_point_pulisher\laserscan_to_point_pulisher\laserscan_to_point_publish.py", "Python", 0, 0, 0, 0, 0, 47, 0, 0, 3, 16, 66
"d:\codes\RAM\ISSPA\src\car_code\laserscan_to_point_pulisher\package.xml", "XML", 16, 0, 0, 0, 0, 0, 0, 0, 0, 3, 19
"d:\codes\RAM\ISSPA\src\car_code\laserscan_to_point_pulisher\setup.cfg", "Properties", 0, 0, 0, 0, 0, 0, 4, 0, 0, 1, 5
"d:\codes\RAM\ISSPA\src\car_code\laserscan_to_point_pulisher\setup.py", "Python", 0, 0, 0, 0, 0, 24, 0, 0, 0, 3, 27
"d:\codes\RAM\ISSPA\src\car_code\laserscan_to_point_pulisher\test\test_copyright.py", "Python", 0, 0, 0, 0, 0, 7, 0, 0, 13, 4, 24
"d:\codes\RAM\ISSPA\src\car_code\laserscan_to_point_pulisher\test\test_flake8.py", "Python", 0, 0, 0, 0, 0, 9, 0, 0, 13, 4, 26
"d:\codes\RAM\ISSPA\src\car_code\laserscan_to_point_pulisher\test\test_pep257.py", "Python", 0, 0, 0, 0, 0, 7, 0, 0, 13, 4, 24
"d:\codes\RAM\ISSPA\src\car_code\robot_pose_publisher_ros2\CMakeLists.txt", "CMake", 0, 23, 0, 0, 0, 0, 0, 0, 0, 8, 31
"d:\codes\RAM\ISSPA\src\car_code\robot_pose_publisher_ros2\README.md", "Markdown", 0, 0, 97, 0, 0, 0, 0, 0, 0, 20, 117
"d:\codes\RAM\ISSPA\src\car_code\robot_pose_publisher_ros2\launch\robot_pose_publisher_launch.py", "Python", 0, 0, 0, 0, 0, 18, 0, 0, 0, 2, 20
"d:\codes\RAM\ISSPA\src\car_code\robot_pose_publisher_ros2\package.xml", "XML", 18, 0, 0, 0, 0, 0, 0, 0, 0, 5, 23
"d:\codes\RAM\ISSPA\src\car_code\robot_pose_publisher_ros2\src\robot_pose_publisher.cpp", "C++", 0, 0, 0, 0, 73, 0, 0, 0, 12, 14, 99
"Total", "-", 112, 85, 171, 854, 494, 4477, 16, 38, 752, 1003, 8002