"filename", "language", "Properties", "Python", "XML", "YAML", "Lua", "C++", "CMake", "Markdown", "comment", "blank", "total"
"d:\软件工程\实践代码\UVPTCCS\doc\README.md", "Markdown", 0, 0, 0, 0, 0, 0, 0, 1, 0, 2, 3
"d:\软件工程\实践代码\UVPTCCS\src\laserscan_to_point_pulisher\README.md", "Markdown", 0, 0, 0, 0, 0, 0, 0, 74, 0, 17, 91
"d:\软件工程\实践代码\UVPTCCS\src\laserscan_to_point_pulisher\laserscan_to_point_pulisher\__init__.py", "Python", 0, 0, 0, 0, 0, 0, 0, 0, 0, 1, 1
"d:\软件工程\实践代码\UVPTCCS\src\laserscan_to_point_pulisher\laserscan_to_point_pulisher\laserscan_to_point_publish.py", "Python", 0, 47, 0, 0, 0, 0, 0, 0, 3, 16, 66
"d:\软件工程\实践代码\UVPTCCS\src\laserscan_to_point_pulisher\package.xml", "XML", 0, 0, 16, 0, 0, 0, 0, 0, 0, 3, 19
"d:\软件工程\实践代码\UVPTCCS\src\laserscan_to_point_pulisher\setup.cfg", "Properties", 4, 0, 0, 0, 0, 0, 0, 0, 0, 1, 5
"d:\软件工程\实践代码\UVPTCCS\src\laserscan_to_point_pulisher\setup.py", "Python", 0, 24, 0, 0, 0, 0, 0, 0, 0, 3, 27
"d:\软件工程\实践代码\UVPTCCS\src\laserscan_to_point_pulisher\test\test_copyright.py", "Python", 0, 7, 0, 0, 0, 0, 0, 0, 13, 4, 24
"d:\软件工程\实践代码\UVPTCCS\src\laserscan_to_point_pulisher\test\test_flake8.py", "Python", 0, 9, 0, 0, 0, 0, 0, 0, 13, 4, 26
"d:\软件工程\实践代码\UVPTCCS\src\laserscan_to_point_pulisher\test\test_pep257.py", "Python", 0, 7, 0, 0, 0, 0, 0, 0, 13, 4, 24
"d:\软件工程\实践代码\UVPTCCS\src\yahboom_app_save_map\README.md", "Markdown", 0, 0, 0, 0, 0, 0, 0, 89, 0, 30, 119
"d:\软件工程\实践代码\UVPTCCS\src\yahboom_app_save_map\launch\yahboom_app_save_map.launch.py", "Python", 0, 17, 0, 0, 0, 0, 0, 0, 1, 5, 23
"d:\软件工程\实践代码\UVPTCCS\src\yahboom_app_save_map\package.xml", "XML", 0, 0, 17, 0, 0, 0, 0, 0, 0, 3, 20
"d:\软件工程\实践代码\UVPTCCS\src\yahboom_app_save_map\setup.cfg", "Properties", 4, 0, 0, 0, 0, 0, 0, 0, 0, 1, 5
"d:\软件工程\实践代码\UVPTCCS\src\yahboom_app_save_map\setup.py", "Python", 0, 26, 0, 0, 0, 0, 0, 0, 0, 3, 29
"d:\软件工程\实践代码\UVPTCCS\src\yahboom_app_save_map\test\test_copyright.py", "Python", 0, 7, 0, 0, 0, 0, 0, 0, 13, 4, 24
"d:\软件工程\实践代码\UVPTCCS\src\yahboom_app_save_map\test\test_flake8.py", "Python", 0, 9, 0, 0, 0, 0, 0, 0, 13, 4, 26
"d:\软件工程\实践代码\UVPTCCS\src\yahboom_app_save_map\test\test_pep257.py", "Python", 0, 7, 0, 0, 0, 0, 0, 0, 13, 4, 24
"d:\软件工程\实践代码\UVPTCCS\src\yahboom_app_save_map\yahboom_app_save_map\__init__.py", "Python", 0, 0, 0, 0, 0, 0, 0, 0, 0, 1, 1
"d:\软件工程\实践代码\UVPTCCS\src\yahboom_app_save_map\yahboom_app_save_map\yahboom_app_save_map.py", "Python", 0, 45, 0, 0, 0, 0, 0, 0, 1, 12, 58
"d:\软件工程\实践代码\UVPTCCS\src\yahboom_app_save_map\yahboom_app_save_map\yahboom_app_save_map_client.py", "Python", 0, 36, 0, 0, 0, 0, 0, 0, 0, 12, 48
"d:\软件工程\实践代码\UVPTCCS\src\yahboomcar_ctrl\launch\keyboart_ctrl_launch-Copy1.py", "Python", 0, 9, 0, 0, 0, 0, 0, 0, 0, 2, 11
"d:\软件工程\实践代码\UVPTCCS\src\yahboomcar_ctrl\launch\yahboomcar_joy_launch.py", "Python", 0, 9, 0, 0, 0, 0, 0, 0, 0, 2, 11
"d:\软件工程\实践代码\UVPTCCS\src\yahboomcar_ctrl\package.xml", "XML", 0, 0, 16, 0, 0, 0, 0, 0, 0, 3, 19
"d:\软件工程\实践代码\UVPTCCS\src\yahboomcar_ctrl\setup.cfg", "Properties", 4, 0, 0, 0, 0, 0, 0, 0, 0, 1, 5
"d:\软件工程\实践代码\UVPTCCS\src\yahboomcar_ctrl\setup.py", "Python", 0, 28, 0, 0, 0, 0, 0, 0, 0, 3, 31
"d:\软件工程\实践代码\UVPTCCS\src\yahboomcar_ctrl\test\test_copyright.py", "Python", 0, 7, 0, 0, 0, 0, 0, 0, 13, 4, 24
"d:\软件工程\实践代码\UVPTCCS\src\yahboomcar_ctrl\test\test_flake8.py", "Python", 0, 9, 0, 0, 0, 0, 0, 0, 13, 4, 26
"d:\软件工程\实践代码\UVPTCCS\src\yahboomcar_ctrl\test\test_pep257.py", "Python", 0, 7, 0, 0, 0, 0, 0, 0, 13, 4, 24
"d:\软件工程\实践代码\UVPTCCS\src\yahboomcar_ctrl\yahboomcar_ctrl\__init__.py", "Python", 0, 0, 0, 0, 0, 0, 0, 0, 0, 1, 1
"d:\软件工程\实践代码\UVPTCCS\src\yahboomcar_ctrl\yahboomcar_ctrl\yahboom_joy_R2.py", "Python", 0, 126, 0, 0, 0, 0, 0, 0, 19, 17, 162
"d:\软件工程\实践代码\UVPTCCS\src\yahboomcar_ctrl\yahboomcar_ctrl\yahboom_joy_X3.py", "Python", 0, 126, 0, 0, 0, 0, 0, 0, 18, 15, 159
"d:\软件工程\实践代码\UVPTCCS\src\yahboomcar_ctrl\yahboomcar_ctrl\yahboom_keyboard.py", "Python", 0, 122, 0, 0, 0, 0, 0, 0, 4, 9, 135
"d:\软件工程\实践代码\UVPTCCS\src\yahboomcar_nav\launch\cartographer_launch.py", "Python", 0, 54, 0, 0, 0, 0, 0, 0, 0, 9, 63
"d:\软件工程\实践代码\UVPTCCS\src\yahboomcar_nav\launch\display_map_launch.py", "Python", 0, 23, 0, 0, 0, 0, 0, 0, 0, 6, 29
"d:\软件工程\实践代码\UVPTCCS\src\yahboomcar_nav\launch\display_nav_launch.py", "Python", 0, 23, 0, 0, 0, 0, 0, 0, 0, 6, 29
"d:\软件工程\实践代码\UVPTCCS\src\yahboomcar_nav\launch\display_rtabmap_map_launch.py", "Python", 0, 23, 0, 0, 0, 0, 0, 0, 0, 6, 29
"d:\软件工程\实践代码\UVPTCCS\src\yahboomcar_nav\launch\display_rtabmap_nav_launch.py", "Python", 0, 23, 0, 0, 0, 0, 0, 0, 0, 6, 29
"d:\软件工程\实践代码\UVPTCCS\src\yahboomcar_nav\launch\laser_bringup_launch.py", "Python", 0, 65, 0, 0, 0, 0, 0, 0, 1, 6, 72
"d:\软件工程\实践代码\UVPTCCS\src\yahboomcar_nav\launch\map_cartographer_launch.py", "Python", 0, 14, 0, 0, 0, 0, 0, 0, 0, 5, 19
"d:\软件工程\实践代码\UVPTCCS\src\yahboomcar_nav\launch\map_gmapping_4ros_s2_launch.py", "Python", 0, 27, 0, 0, 0, 0, 0, 0, 1, 5, 33
"d:\软件工程\实践代码\UVPTCCS\src\yahboomcar_nav\launch\map_gmapping_a1_launch.py", "Python", 0, 16, 0, 0, 0, 0, 0, 0, 0, 6, 22
"d:\软件工程\实践代码\UVPTCCS\src\yahboomcar_nav\launch\map_gmapping_launch.py", "Python", 0, 34, 0, 0, 0, 0, 0, 0, 0, 5, 39
"d:\软件工程\实践代码\UVPTCCS\src\yahboomcar_nav\launch\map_rtabmap_launch.py", "Python", 0, 14, 0, 0, 0, 0, 0, 0, 0, 5, 19
"d:\软件工程\实践代码\UVPTCCS\src\yahboomcar_nav\launch\navigation_dwa_launch.py", "Python", 0, 31, 0, 0, 0, 0, 0, 0, 0, 6, 37
"d:\软件工程\实践代码\UVPTCCS\src\yahboomcar_nav\launch\navigation_rtabmap_launch.py", "Python", 0, 21, 0, 0, 0, 0, 0, 0, 0, 6, 27
"d:\软件工程\实践代码\UVPTCCS\src\yahboomcar_nav\launch\navigation_teb_launch.py", "Python", 0, 31, 0, 0, 0, 0, 0, 0, 0, 6, 37
"d:\软件工程\实践代码\UVPTCCS\src\yahboomcar_nav\launch\occupancy_grid_launch.py", "Python", 0, 29, 0, 0, 0, 0, 0, 0, 0, 6, 35
"d:\软件工程\实践代码\UVPTCCS\src\yahboomcar_nav\launch\rtabmap_localization_launch.py", "Python", 0, 66, 0, 0, 0, 0, 0, 0, 5, 16, 87
"d:\软件工程\实践代码\UVPTCCS\src\yahboomcar_nav\launch\rtabmap_nav_launch.py", "Python", 0, 31, 0, 0, 0, 0, 0, 0, 0, 6, 37
"d:\软件工程\实践代码\UVPTCCS\src\yahboomcar_nav\launch\rtabmap_sync_launch.py", "Python", 0, 66, 0, 0, 0, 0, 0, 0, 13, 17, 96
"d:\软件工程\实践代码\UVPTCCS\src\yahboomcar_nav\launch\rtabmap_viz_launch.py", "Python", 0, 40, 0, 0, 0, 0, 0, 0, 2, 10, 52
"d:\软件工程\实践代码\UVPTCCS\src\yahboomcar_nav\launch\save_map_launch.py", "Python", 0, 26, 0, 0, 0, 0, 0, 0, 1, 8, 35
"d:\软件工程\实践代码\UVPTCCS\src\yahboomcar_nav\maps\yahboomcar.yaml", "YAML", 0, 0, 0, 7, 0, 0, 0, 0, 0, 0, 7
"d:\软件工程\实践代码\UVPTCCS\src\yahboomcar_nav\maps\yahboomcar2.yaml", "YAML", 0, 0, 0, 7, 0, 0, 0, 0, 0, 0, 7
"d:\软件工程\实践代码\UVPTCCS\src\yahboomcar_nav\package.xml", "XML", 0, 0, 19, 0, 0, 0, 0, 0, 0, 4, 23
"d:\软件工程\实践代码\UVPTCCS\src\yahboomcar_nav\params\dwa_nav_params.yaml", "YAML", 0, 0, 0, 246, 0, 0, 0, 0, 12, 16, 274
"d:\软件工程\实践代码\UVPTCCS\src\yahboomcar_nav\params\lds_2d.lua", "Lua", 0, 0, 0, 0, 38, 0, 0, 0, 1, 7, 46
"d:\软件工程\实践代码\UVPTCCS\src\yahboomcar_nav\params\rtabmap_nav_params.yaml", "YAML", 0, 0, 0, 191, 0, 0, 0, 0, 3, 11, 205
"d:\软件工程\实践代码\UVPTCCS\src\yahboomcar_nav\params\teb_nav_params.yaml", "YAML", 0, 0, 0, 305, 0, 0, 0, 0, 3, 21, 329
"d:\软件工程\实践代码\UVPTCCS\src\yahboomcar_nav\setup.cfg", "Properties", 4, 0, 0, 0, 0, 0, 0, 0, 0, 1, 5
"d:\软件工程\实践代码\UVPTCCS\src\yahboomcar_nav\setup.py", "Python", 0, 30, 0, 0, 0, 0, 0, 0, 0, 3, 33
"d:\软件工程\实践代码\UVPTCCS\src\yahboomcar_nav\test\test_copyright.py", "Python", 0, 7, 0, 0, 0, 0, 0, 0, 13, 4, 24
"d:\软件工程\实践代码\UVPTCCS\src\yahboomcar_nav\test\test_flake8.py", "Python", 0, 9, 0, 0, 0, 0, 0, 0, 13, 4, 26
"d:\软件工程\实践代码\UVPTCCS\src\yahboomcar_nav\test\test_pep257.py", "Python", 0, 7, 0, 0, 0, 0, 0, 0, 13, 4, 24
"d:\软件工程\实践代码\UVPTCCS\src\yahboomcar_nav\yahboomcar_nav\__init__.py", "Python", 0, 0, 0, 0, 0, 0, 0, 0, 0, 1, 1
"d:\软件工程\实践代码\UVPTCCS\src\yahboomcar_nav\yahboomcar_nav\scan_filter.py", "Python", 0, 35, 0, 0, 0, 0, 0, 0, 4, 7, 46
"d:\软件工程\实践代码\UVPTCCS\src\yahboomcar_slam\CMakeLists.txt", "CMake", 0, 0, 0, 0, 0, 0, 62, 0, 0, 14, 76
"d:\软件工程\实践代码\UVPTCCS\src\yahboomcar_slam\include\yahboomcar_slam\point_cloud.h", "C++", 0, 0, 0, 0, 0, 101, 0, 0, 2, 31, 134
"d:\软件工程\实践代码\UVPTCCS\src\yahboomcar_slam\launch\camera_octomap_launch.py", "Python", 0, 27, 0, 0, 0, 0, 0, 0, 0, 5, 32
"d:\软件工程\实践代码\UVPTCCS\src\yahboomcar_slam\launch\display_octomap_launch.py", "Python", 0, 23, 0, 0, 0, 0, 0, 0, 0, 6, 29
"d:\软件工程\实践代码\UVPTCCS\src\yahboomcar_slam\launch\display_pcl_launch.py", "Python", 0, 23, 0, 0, 0, 0, 0, 0, 0, 6, 29
"d:\软件工程\实践代码\UVPTCCS\src\yahboomcar_slam\launch\octomap_server_launch.py", "Python", 0, 20, 0, 0, 0, 0, 0, 0, 0, 3, 23
"d:\软件工程\实践代码\UVPTCCS\src\yahboomcar_slam\launch\orbslam_base_launch.py", "Python", 0, 26, 0, 0, 0, 0, 0, 0, 5, 5, 36
"d:\软件工程\实践代码\UVPTCCS\src\yahboomcar_slam\launch\orbslam_pcl_map_launch.py", "Python", 0, 29, 0, 0, 0, 0, 0, 0, 0, 5, 34
"d:\软件工程\实践代码\UVPTCCS\src\yahboomcar_slam\launch\orbslam_pcl_octomap_launch.py", "Python", 0, 34, 0, 0, 0, 0, 0, 0, 5, 6, 45
"d:\软件工程\实践代码\UVPTCCS\src\yahboomcar_slam\launch\orbslam_pose_launch.py", "Python", 0, 16, 0, 0, 0, 0, 0, 0, 0, 3, 19
"d:\软件工程\实践代码\UVPTCCS\src\yahboomcar_slam\launch\orbslam_ros_launch.py", "Python", 0, 38, 0, 0, 0, 0, 0, 0, 3, 6, 47
"d:\软件工程\实践代码\UVPTCCS\src\yahboomcar_slam\package.xml", "XML", 0, 0, 25, 0, 0, 0, 0, 0, 0, 6, 31
"d:\软件工程\实践代码\UVPTCCS\src\yahboomcar_slam\params\mono.yaml", "YAML", 0, 0, 0, 27, 0, 0, 0, 0, 19, 12, 58
"d:\软件工程\实践代码\UVPTCCS\src\yahboomcar_slam\params\pointcloud_map.yaml", "YAML", 0, 0, 0, 16, 0, 0, 0, 0, 0, 2, 18
"d:\软件工程\实践代码\UVPTCCS\src\yahboomcar_slam\params\pointcloud_octomap.yaml", "YAML", 0, 0, 0, 16, 0, 0, 0, 0, 0, 2, 18
"d:\软件工程\实践代码\UVPTCCS\src\yahboomcar_slam\params\rgbd.yaml", "YAML", 0, 0, 0, 32, 0, 0, 0, 0, 22, 17, 71
"d:\软件工程\实践代码\UVPTCCS\src\yahboomcar_slam\params\usb_cam_param.yaml", "YAML", 0, 0, 0, 0, 0, 0, 0, 0, 0, 1, 1
"d:\软件工程\实践代码\UVPTCCS\src\yahboomcar_slam\src\point_cloud.cpp", "C++", 0, 0, 0, 0, 0, 307, 0, 0, 33, 44, 384
"d:\软件工程\实践代码\UVPTCCS\src\yahboomcar_slam\src\point_cloud_main.cpp", "C++", 0, 0, 0, 0, 0, 13, 0, 0, 0, 3, 16
"Total", "-", 16, 1665, 93, 847, 38, 421, 62, 164, 337, 605, 4248